{"nm":"Success","ddd":0,"h":1000,"w":1000,"meta":{"g":"LottieFiles AE 3.1.1"},"layers":[{"ty":4,"nm":"tick Outlines","sr":1,"st":0,"op":90,"ip":0,"hd":false,"ddd":0,"bm":0,"hasMask":false,"ao":0,"ks":{"a":{"a":0,"k":[345.75,275.582,0],"ix":1},"s":{"a":1,"k":[{"o":{"x":0.167,"y":0.167},"i":{"x":0.833,"y":0.833},"s":[0,0,100],"t":10},{"o":{"x":0.167,"y":0.167},"i":{"x":0,"y":1},"s":[11,11,100],"t":11},{"o":{"x":0.303,"y":0},"i":{"x":0,"y":1},"s":[25,25,100],"t":12},{"o":{"x":0.333,"y":0},"i":{"x":0.667,"y":1},"s":[100,100,100],"t":25},{"o":{"x":0.333,"y":0},"i":{"x":0.667,"y":1},"s":[100,100,100],"t":70},{"s":[0,0,100],"t":84}],"ix":6},"sk":{"a":0,"k":0},"p":{"a":1,"k":[{"o":{"x":1,"y":0},"i":{"x":0,"y":1},"s":[500,498.175,0],"t":12,"ti":[-2.667,-3.333,0],"to":[2.667,3.333,0]},{"o":{"x":0.626,"y":0.626},"i":{"x":0.667,"y":0.667},"s":[516,518.175,0],"t":25,"ti":[0,0,0],"to":[0,0,0]},{"o":{"x":1,"y":0},"i":{"x":0,"y":1},"s":[516,518.175,0],"t":70,"ti":[2.667,4.415,0],"to":[-2.667,-4.415,0]},{"s":[500,491.682,0],"t":84}],"ix":2},"r":{"a":0,"k":0,"ix":10},"sa":{"a":0,"k":0},"o":{"a":0,"k":100,"ix":11}},"ef":[],"shapes":[{"ty":"gr","bm":0,"hd":false,"mn":"ADBE Vector Group","nm":"Group 1","ix":1,"cix":2,"np":2,"it":[{"ty":"sh","bm":0,"hd":false,"mn":"ADBE Vector Shape - Group","nm":"Path 1","ix":1,"d":1,"ks":{"a":0,"k":{"c":false,"i":[[0,0],[0,0],[-3.46,3.459],[0,0]],"o":[[0,0],[3.459,3.459],[0,0],[0,0]],"v":[[-208.249,3.356],[-76.982,134.623],[-64.454,134.623],[208.249,-138.082]]},"ix":2}},{"ty":"st","bm":0,"hd":false,"mn":"ADBE Vector Graphic - Stroke","nm":"Stroke 1","lc":2,"lj":2,"ml":1,"o":{"a":0,"k":100,"ix":4},"w":{"a":0,"k":55,"ix":5},"c":{"a":0,"k":[1,1,1],"ix":3}},{"ty":"tr","a":{"a":0,"k":[0,0],"ix":1},"s":{"a":0,"k":[100,100],"ix":3},"sk":{"a":0,"k":0,"ix":4},"p":{"a":0,"k":[345.749,275.582],"ix":2},"r":{"a":0,"k":0,"ix":6},"sa":{"a":0,"k":0,"ix":5},"o":{"a":0,"k":100,"ix":7}}]},{"ty":"tm","bm":0,"hd":false,"mn":"ADBE Vector Filter - Trim","nm":"Trim Paths 1","ix":2,"e":{"a":0,"k":100,"ix":2},"o":{"a":0,"k":0,"ix":3},"s":{"a":0,"k":0,"ix":1},"m":1},{"ty":"tm","bm":0,"hd":false,"mn":"ADBE Vector Filter - Trim","nm":"Trim Paths 2","ix":3,"e":{"a":1,"k":[{"o":{"x":0.14,"y":0},"i":{"x":0,"y":1},"s":[0],"t":20},{"o":{"x":0.167,"y":0},"i":{"x":0.658,"y":1},"s":[100],"t":40},{"o":{"x":1,"y":0},"i":{"x":0,"y":1},"s":[100],"t":70},{"s":[50],"t":84}],"ix":2},"o":{"a":0,"k":0,"ix":3},"s":{"a":1,"k":[{"o":{"x":1,"y":0},"i":{"x":0,"y":1},"s":[0],"t":70},{"s":[50],"t":84}],"ix":1},"m":1}],"ind":1},{"ty":4,"nm":"Shape Layer 1","sr":1,"st":0,"op":90,"ip":0,"hd":false,"ddd":0,"bm":0,"hasMask":false,"ao":0,"ks":{"a":{"a":0,"k":[-39.258,-12.281,0],"ix":1},"s":{"a":1,"k":[{"o":{"x":1,"y":0},"i":{"x":0,"y":1},"s":[0,0,100],"t":0},{"o":{"x":0.167,"y":0},"i":{"x":0,"y":1},"s":[170,170,100],"t":25},{"o":{"x":1,"y":0},"i":{"x":0,"y":1},"s":[170,170,100],"t":70},{"s":[0,0,100],"t":89}],"ix":6},"sk":{"a":0,"k":0},"p":{"a":0,"k":[499.286,489.774,0],"ix":2},"r":{"a":0,"k":0,"ix":10},"sa":{"a":0,"k":0},"o":{"a":0,"k":100,"ix":11}},"ef":[{"ty":0,"mn":"CC Light Sweep","nm":"CC Light Sweep","ix":1,"en":1,"ef":[{"ty":3,"mn":"CC Light Sweep-0001","nm":"Center","ix":1,"v":{"a":1,"k":[{"o":{"x":0.25,"y":0},"i":{"x":0,"y":1},"s":[-236,250],"t":40},{"s":[956,250],"t":56}],"ix":1}},{"ty":0,"mn":"CC Light Sweep-0002","nm":"Direction","ix":2,"v":{"a":0,"k":-30,"ix":2}},{"ty":7,"mn":"CC Light Sweep-0003","nm":"Shape","ix":3,"v":{"a":0,"k":3,"ix":3}},{"ty":0,"mn":"CC Light Sweep-0004","nm":"Width","ix":4,"v":{"a":0,"k":100,"ix":4}},{"ty":0,"mn":"CC Light Sweep-0005","nm":"Sweep Intensity","ix":5,"v":{"a":0,"k":50,"ix":5}},{"ty":0,"mn":"CC Light Sweep-0006","nm":"Edge Intensity","ix":6,"v":{"a":0,"k":60,"ix":6}},{"ty":0,"mn":"CC Light Sweep-0007","nm":"Edge Thickness","ix":7,"v":{"a":0,"k":0,"ix":7}},{"ty":2,"mn":"CC Light Sweep-0008","nm":"Light Color","ix":8,"v":{"a":0,"k":[0.2,0.8784,0.5451],"ix":8}},{"ty":7,"mn":"CC Light Sweep-0009","nm":"Light Reception","ix":9,"v":{"a":0,"k":2,"ix":9}}]}],"shapes":[{"ty":"gr","bm":0,"hd":false,"mn":"ADBE Vector Group","nm":"Polystar 1","ix":1,"cix":2,"np":3,"it":[{"ty":"sr","bm":0,"hd":false,"mn":"ADBE Vector Shape - Star","nm":"Polystar Path 1","ix":1,"d":3,"ir":{"a":1,"k":[{"o":{"x":0.885,"y":0},"i":{"x":0.398,"y":1},"s":[206],"t":14},{"s":[200],"t":20}],"ix":6},"is":{"a":0,"k":60,"ix":8},"pt":{"a":1,"k":[{"o":{"x":0,"y":0},"i":{"x":0,"y":1},"s":[3],"t":10},{"o":{"x":0.167,"y":0},"i":{"x":0,"y":1},"s":[8],"t":25},{"o":{"x":0.167,"y":0},"i":{"x":0.833,"y":1},"s":[8],"t":70},{"s":[3],"t":84}],"ix":3},"p":{"a":0,"k":[0,0],"ix":4},"or":{"a":0,"k":230,"ix":7},"os":{"a":0,"k":100,"ix":9},"r":{"a":1,"k":[{"o":{"x":0.504,"y":0},"i":{"x":0.265,"y":1},"s":[-80],"t":15},{"o":{"x":0.11,"y":0},"i":{"x":0.889,"y":1},"s":[15],"t":40},{"o":{"x":0.167,"y":0},"i":{"x":0.889,"y":1},"s":[0],"t":45},{"o":{"x":0.167,"y":0},"i":{"x":0.265,"y":1},"s":[0],"t":60},{"o":{"x":0.167,"y":0},"i":{"x":0.667,"y":1},"s":[15],"t":65},{"s":[-80],"t":89}],"ix":5},"sy":1},{"ty":"st","bm":0,"hd":false,"mn":"ADBE Vector Graphic - Stroke","nm":"Stroke 1","lc":1,"lj":1,"ml":4,"o":{"a":0,"k":100,"ix":4},"w":{"a":0,"k":0,"ix":5},"c":{"a":0,"k":[1,1,1],"ix":3}},{"ty":"fl","bm":0,"hd":false,"mn":"ADBE Vector Graphic - Fill","nm":"Fill 1","c":{"a":0,"k":[0.6902,0.8588,0.2627],"ix":4},"r":1,"o":{"a":0,"k":100,"ix":5}},{"ty":"tr","a":{"a":0,"k":[0,0],"ix":1},"s":{"a":0,"k":[100,100],"ix":3},"sk":{"a":0,"k":0,"ix":4},"p":{"a":0,"k":[-39.258,10.004],"ix":2},"r":{"a":0,"k":0,"ix":6},"sa":{"a":0,"k":0,"ix":5},"o":{"a":0,"k":100,"ix":7}}]}],"ind":2}],"v":"4.8.0","fr":30,"op":90,"ip":0,"assets":[]}